{"ax_offset": -0.4158429008483887, "ay_offset": -0.1626860028076172, "az_offset": -1.3892416036987338}